{
    "episode_index": {
        "min": [
            0
        ],
        "max": [
            0
        ],
        "mean": [
            0.0
        ],
        "std": [
            0.0
        ],
        "count": [
            597
        ],
        "q01": [
            3.9999999999994176e-16
        ],
        "q10": [
            3.999999999999417e-15
        ],
        "q50": [
            1.9999999999997088e-14
        ],
        "q90": [
            3.599999999999476e-14
        ],
        "q99": [
            3.9599999999994235e-14
        ]
    },
    "index": {
        "min": [
            0
        ],
        "max": [
            596
        ],
        "mean": [
            298.0
        ],
        "std": [
            172.3388135814642
        ],
        "count": [
            597
        ],
        "q01": [
            5.002823999901679
        ],
        "q10": [
            58.9682399999198
        ],
        "q50": [
            297.94040000000007
        ],
        "q90": [
            537.0317600000802
        ],
        "q99": [
            590.9971760000983
        ]
    },
    "frame_index": {
        "min": [
            0
        ],
        "max": [
            596
        ],
        "mean": [
            298.0
        ],
        "std": [
            172.3388135814642
        ],
        "count": [
            597
        ],
        "q01": [
            5.002823999901679
        ],
        "q10": [
            58.9682399999198
        ],
        "q50": [
            297.94040000000007
        ],
        "q90": [
            537.0317600000802
        ],
        "q99": [
            590.9971760000983
        ]
    },
    "timestamp": {
        "min": [
            0.0
        ],
        "max": [
            198.6666717529297
        ],
        "mean": [
            99.33332824707031
        ],
        "std": [
            57.44628143310547
        ],
        "count": [
            597
        ],
        "q01": [
            1.6676081132888794
        ],
        "q10": [
            19.656081008911134
        ],
        "q50": [
            99.35320281982422
        ],
        "q90": [
            179.01059265136718
        ],
        "q99": [
            196.99907104492186
        ]
    },
    "task_index": {
        "min": [
            0
        ],
        "max": [
            0
        ],
        "mean": [
            0.0
        ],
        "std": [
            0.0
        ],
        "count": [
            597
        ],
        "q01": [
            3.9999999999994176e-16
        ],
        "q10": [
            3.999999999999417e-15
        ],
        "q50": [
            1.9999999999997088e-14
        ],
        "q90": [
            3.599999999999476e-14
        ],
        "q99": [
            3.9599999999994235e-14
        ]
    },
    "observation.images.rgb": {
        "min": [
            0,
            0,
            0
        ],
        "max": [
            255,
            255,
            255
        ],
        "mean": [
            220.94229079970162,
            221.1815019923838,
            221.42207497448177
        ],
        "std": [
            0.0,
            0.0,
            0.0
        ],
        "count": [
            597
        ],
        "q01": [
            61.974674273076346,
            71.04004398053823,
            80.01289288417327
        ],
        "q10": [
            178.00736695033066,
            178.02789651941006,
            178.96972042329008
        ],
        "q50": [
            234.97342745081886,
            234.9735146423218,
            234.97335374544787
        ],
        "q90": [
            237.0432607529378,
            237.0427542925241,
            237.0425668198152
        ],
        "q99": [
            245.99770484046994,
            245.99794003361419,
            245.99771868382234
        ]
    },
    "observation.state": {
        "min": [
            -0.5002827644348145,
            0.00021963802282698452,
            2.603891334729269e-05,
            0.00026027343119494617,
            -0.0664893165230751,
            -0.00010776761337183416,
            0.0012746697757393122,
            -0.23007012903690338,
            0.002233325969427824,
            -0.004036658443510532,
            -0.02073913998901844,
            -0.016024263575673103,
            -0.09760816395282745,
            -0.01695260964334011,
            -0.01051671989262104,
            -0.014236057177186012,
            -0.058455195277929306,
            -0.8003016710281372,
            0.005301273427903652,
            0.0,
            -0.04100000113248825,
            0.003912671469151974,
            -0.0006836504908278584
        ],
        "max": [
            0.500464141368866,
            0.07021887600421906,
            0.012403387576341629,
            0.058271635323762894,
            -0.00024293128808494657,
            -1.0033188573288498e-06,
            0.21640704572200775,
            -0.0012930302182212472,
            0.3452385365962982,
            0.00986098125576973,
            0.0005964708980172873,
            0.04730907082557678,
            0.007157609332352877,
            -0.000150881169247441,
            -0.00016809185035526752,
            0.02391078509390354,
            0.006098717451095581,
            -0.004487516358494759,
            0.8842393159866333,
            0.0006350544863380492,
            -0.0042748530395329,
            0.04100000113248825,
            0.0
        ],
        "mean": [
            0.09275975823402405,
            0.036291271448135376,
            0.006651473231613636,
            0.02724873460829258,
            -0.028831297531723976,
            -7.662914867978543e-05,
            0.09945686161518097,
            -0.10579341650009155,
            0.19808675348758698,
            0.0007984705152921379,
            -0.004585485905408859,
            0.009509590454399586,
            -0.030642099678516388,
            -0.01073561329394579,
            -0.0070958626456558704,
            0.002093576593324542,
            -0.018618926405906677,
            -0.40003064274787903,
            0.44410768151283264,
            0.00016417932056356221,
            -0.039810460060834885,
            0.03963819146156311,
            -0.0001741402957122773
        ],
        "std": [
            0.33379918336868286,
            0.018253488466143608,
            0.003948626108467579,
            0.014767901040613651,
            0.016908422112464905,
            2.665059218998067e-05,
            0.06387930363416672,
            0.06798398494720459,
            0.0869535282254219,
            0.003765905275940895,
            0.006257480010390282,
            0.019268646836280823,
            0.033407729119062424,
            0.004526385571807623,
            0.00253536575473845,
            0.011501651257276535,
            0.02113068848848343,
            0.23513667285442352,
            0.26859432458877563,
            0.00017870245210360736,
            0.0049052913673222065,
            0.005261517129838467,
            0.00019071668793912977
        ],
        "count": [
            597
        ],
        "q01": [
            -0.49968831181526185,
            0.000611213706433773,
            8.785128899035045e-05,
            0.0006195957103045657,
            -0.0659332449734211,
            -0.00010773600668471772,
            0.002865358276758343,
            -0.2272804245352745,
            0.005798521651886403,
            -0.004032980195867519,
            -0.020244281236082316,
            -0.016024263575673103,
            -0.09503155469894409,
            -0.01694761972874403,
            -0.01051364638376981,
            -0.014224727526307107,
            -0.05706121765077114,
            -0.7901200133562089,
            0.011272778268903494,
            -1.000000013351432e-10,
            -0.04100000113248825,
            0.009015665464103222,
            -0.0005739971221191809
        ],